"","nfl_id","player_name","player_position"
"1",54527,"Bryan Cook","FS"
"2",46137,"Justin Reid","SS"
"3",52546,"L'Jarius Sneed","CB"
"4",53487,"Nick Bolton","MLB"
"5",54486,"Trent McDuffie","CB"
"6",53541,"Amon-Ra St. Brown","WR"
"7",53959,"Brock Wright","TE"
"8",43290,"Jared Goff","QB"
"9",44930,"Josh Reynolds","WR"
"10",44888,"Alex Anzalone","OLB"
"11",55910,"Brian Branch","SS"
"12",47888,"C.J. Gardner-Johnson","SS"
"13",44906,"Cameron Sutton","CB"
"14",53953,"Jerry Jacobs","CB"
"15",54562,"Kerby Joseph","FS"
"16",54653,"Malcolm Rodriguez","ILB"
"17",46213,"Justin Watson","WR"
"18",46243,"Marquez Valdes-Scantling","WR"
"19",53591,"Noah Gray","TE"
"20",54519,"Skyy Moore","WR"
"21",44822,"Patrick Mahomes","QB"
"22",41325,"Jerick McKinnon","RB"
"23",53542,"Derrick Barnes","MLB"
"24",52440,"Clyde Edwards-Helaire","RB"
"25",46309,"Richie James","WR"
"26",54495,"George Karlaftis","DE"
"27",47882,"Mike Edwards","FS"
"28",43584,"Kalif Raymond","WR"
"29",55899,"Sam LaPorta","TE"
"30",38696,"Marvin Jones","WR"
"31",54600,"Joshua Williams","CB"
"32",55984,"Chamarri Conner","SS"
"33",52471,"Willie Gay Jr.","ILB"
"34",47856,"David Montgomery","RB"
"35",55876,"Jahmyr Gibbs","RB"
"36",54568,"Leo Chenal","OLB"
"37",46424,"Jason Cabinda","FB"
"38",55882,"Jack Campbell","MLB"
"39",54716,"Isiah Pacheco","RB"
"40",55920,"Rashee Rice","WR"
"41",42460,"Blake Bell","TE"
"42",53449,"Kadarius Toney","WR"
"43",44834,"Charles Harris","DE"
"44",52585,"Michael Danna","DE"
"45",54511,"Joshua Paschal","DE"
"46",47913,"Drue Tranquill","ILB"
"47",54885,"Justyn Ross","WR"
"48",55895,"Felix Anudike-Uzomah","DE"
"49",54682,"James Houston","DE"
"50",53724,"Matt Bushman","TE"
"51",47864,"Will Harris","SS"
"52",52424,"A.J. Terrell","CB"
"53",52272,"Dee Alford","CB"
"54",46123,"Jessie Bates","SS"
"55",48027,"Kaden Elliss","ILB"
"56",53469,"Richie Grant","SS"
"57",46215,"Tre Flowers","CB"
"58",40488,"Adam Thielen","WR"
"59",46094,"Hayden Hurst","TE"
"60",55904,"Jonathan Mingo","WR"
"61",52450,"Laviska Shenault Jr.","WR"
"62",55865,"Bryce Young","QB"
"63",53488,"Terrace Marshall Jr.","WR"
"64",54523,"Troy Andersen","ILB"
"65",47836,"Miles Sanders","RB"
"66",53555,"Chuba Hubbard","RB"
"67",53512,"Tommy Tremble","TE"
"68",46124,"Donte Jackson","CB"
"69",53437,"Jaycee Horn","CB"
"70",52472,"Jeremy Chinn","SS"
"71",42368,"Shaq Thompson","MLB"
"72",43350,"Vonn Bell","SS"
"73",45004,"Xavier Woods","FS"
"74",55872,"Bijan Robinson","RB"
"75",53433,"Kyle Pitts","TE"
"76",44931,"Mack Hollins","WR"
"77",54539,"Desmond Ridder","QB"
"78",54473,"Drake London","WR"
"79",46527,"Frankie Luvu","OLB"
"80",42816,"Troy Hill","CB"
"81",47991,"Scott Miller","WR"
"82",54616,"Tyler Allgeier","RB"
"83",52417,"C.J. Henderson","CB"
"84",44912,"Jonnu Smith","TE"
"85",52858,"Giovanni Ricci","TE"
"86",54503,"Arnold Ebiketie","OLB"
"87",46170,"Ian Thomas","TE"
"88",37145,"Justin Houston","OLB"
"89",52542,"Jaylinn Hawkins","FS"
"90",54540,"Christian Harris","OLB"
"91",42391,"Denzel Perryman","ILB"
"92",54468,"Derek Stingley Jr.","CB"
"93",43395,"Eric Murray","SS"
"94",54502,"Jalen Pitre","FS"
"95",42441,"Steven Nelson","CB"
"96",46672,"Tavierre Thomas","FS"
"97",52463,"J.K. Dobbins","RB"
"98",42363,"Nelson Agholor","WR"
"99",41238,"Odell Beckham","WR"
"100",55886,"Zay Flowers","WR"
"101",46101,"Lamar Jackson","QB"
"102",54604,"Isaiah Likely","TE"
"103",53819,"Ar'Darius Washington","FS"
"104",53533,"Brandon Stephens","CB"
"105",52627,"Geno Stone","FS"
"106",44854,"Marcus Williams","FS"
"107",43694,"Michael Pierce","NT"
"108",52436,"Patrick Queen","ILB"
"109",42393,"Ronald Darby","CB"
"110",46206,"Dalton Schultz","TE"
"111",53518,"Nico Collins","WR"
"112",45052,"Noah Brown","WR"
"113",55934,"Tank Dell","WR"
"114",55866,"C.J. Stroud","QB"
"115",54572,"Dameon Pierce","RB"
"116",56032,"Henry To'oTo'o","OLB"
"117",44902,"Shaquill Griffin","CB"
"118",53456,"Rashod Bateman","WR"
"119",54479,"Kyle Hamilton","SS"
"120",46077,"Roquan Smith","MLB"
"121",39989,"Robert Woods","WR"
"122",54635,"Teagan Quitoriano","TE"
"123",43797,"Cory Littleton","OLB"
"124",48096,"Andrew Beck","FB"
"125",47857,"Devin Singletary","RB"
"126",46461,"Mike Boone","RB"
"127",52506,"Malik Harrison","ILB"
"128",53460,"Odafe Oweh","OLB"
"129",54510,"David Ojabo","OLB"
"130",43366,"Daryl Worley","FS"
"131",46122,"M.J. Stewart","FS"
"132",46437,"Gus Edwards","RB"
"133",54593,"Charlie Kolar","TE"
"134",52897,"Grayland Arnold","FS"
"135",47817,"Rock Ya-Sin","CB"
"136",56070,"Xavier Hutchinson","WR"
"137",44974,"Anthony Walker","MLB"
"138",46073,"Denzel Ward","CB"
"139",52452,"Grant Delpit","SS"
"140",53455,"Greg Newsome II","CB"
"141",54533,"Martin Emerson","CB"
"142",38843,"Rodney McLeod","FS"
"143",56405,"Ronnie Hickman Jr.","FS"
"144",52441,"Tee Higgins","WR"
"145",47965,"Trayveon Williams","RB"
"146",48471,"Trenton Irwin","WR"
"147",43344,"Tyler Boyd","WR"
"148",52409,"Joe Burrow","QB"
"149",53434,"Ja'Marr Chase","WR"
"150",54525,"Cam Taylor-Britt","CB"
"151",44872,"Chidobe Awuzie","CB"
"152",54496,"Daxton Hill","CB"
"153",47855,"Germaine Pratt","OLB"
"154",52473,"Logan Wilson","MLB"
"155",43641,"Mike Hilton","CB"
"156",48026,"Nick Scott","FS"
"157",42347,"Amari Cooper","WR"
"158",52595,"Donovan Peoples-Jones","WR"
"159",53463,"Elijah Moore","WR"
"160",46167,"Jordan Akins","TE"
"161",44824,"Deshaun Watson","QB"
"162",46104,"Nick Chubb","RB"
"163",53481,"Jeremiah Owusu-Koramoah","OLB"
"164",47863,"Sione Takitaki","OLB"
"165",44860,"Joe Mixon","RB"
"166",47833,"Irv Smith","TE"
"167",40026,"Marquise Goodwin","WR"
"168",53540,"Cameron Sample","DE"
"169",55925,"DJ Turner II","CB"
"170",55939,"Cedric Tillman","WR"
"171",44841,"David Njoku","TE"
"172",52515,"Akeem Davis-Gaither","ILB"
"173",54621,"Jerome Ford","RB"
"174",54543,"Alex Wright","DE"
"175",46138,"B.J. Hill","DT"
"176",52523,"Harrison Bryant","TE"
"177",54564,"David Bell","WR"
"178",44915,"Trey Hendrickson","DE"
"179",44813,"Myles Garrett","DE"
"180",42465,"Za'Darius Smith","DE"
"181",53631,"Chris Evans","RB"
"182",56007,"Cameron Mitchell","CB"
"183",41464,"Shelby Harris","DT"
"184",47835,"Drew Sample","TE"
"185",48208,"Jake Browning","QB"
"186",53494,"Andre Cisco","FS"
"187",46456,"Darious Williams","CB"
"188",54492,"Devin Lloyd","MLB"
"189",46269,"Foye Oluokun","OLB"
"190",44926,"Rayshawn Jenkins","SS"
"191",46700,"Tre Herndon","CB"
"192",53462,"Tyson Campbell","CB"
"193",54518,"Alec Pierce","WR"
"194",53703,"Deon Jackson","RB"
"195",55944,"Josh Downs","WR"
"196",52442,"Michael Pittman","WR"
"197",55868,"Anthony Richardson","QB"
"198",54657,"Andrew Ogletree","TE"
"199",54980,"Dallis Flowers","CB"
"200",55137,"Darrell Baker Jr.","CB"
"201",52493,"Julian Blackmon","FS"
"202",45287,"Kenny Moore II","CB"
"203",54704,"Rodney Thomas","FS"
"204",46105,"Shaquille Leonard","MLB"
"205",46304,"Zaire Franklin","MLB"
"206",46095,"Calvin Ridley","WR"
"207",46116,"Christian Kirk","WR"
"208",44835,"Evan Engram","TE"
"209",53454,"Travis Etienne","RB"
"210",53430,"Trevor Lawrence","QB"
"211",44849,"Zay Jones","WR"
"212",47947,"E.J. Speed","MLB"
"213",54466,"Travon Walker","DE"
"214",44792,"Mo Alie-Cox","TE"
"215",55926,"Brenton Strange","TE"
"216",47790,"Josh Hines-Allen","DE"
"217",53556,"Kylen Granson","TE"
"218",53574,"Luke Farrell","TE"
"219",46724,"Tony Brown","CB"
"220",55953,"Tank Bigsby","RB"
"221",44985,"Isaiah McKenzie","WR"
"222",48508,"Andrew Wingard","FS"
"223",56041,"Evan Hull","RB"
"224",52428,"K'Lavon Chaisson","OLB"
"225",53662,"Jake Funk","RB"
"226",43296,"DeForest Buckner","DT"
"227",47970,"Juwann Winfree","WR"
"228",47961,"Gardner Minshew","QB"
"229",52453,"Antoine Winfield Jr.","FS"
"230",46132,"Carlton Davis III","CB"
"231",56540,"Christian Izien","SS"
"232",47788,"Devin White","OLB"
"233",47877,"Jamel Dean","CB"
"234",38588,"Lavonte David","ILB"
"235",46711,"Ryan Neal","SS"
"236",43971,"C.J. Ham","FB"
"237",55887,"Jordan Addison","WR"
"238",52584,"K.J. Osborn","WR"
"239",47791,"T.J. Hockenson","TE"
"240",38632,"Kirk Cousins","QB"
"241",52430,"Justin Jefferson","WR"
"242",54583,"Akayleb Evans","CB"
"243",47816,"Byron Murphy","CB"
"244",53554,"Camryn Bynum","FS"
"245",38559,"Harrison Smith","FS"
"246",42427,"Jordan Hicks","ILB"
"247",52613,"Josh Metellus","SS"
"248",44896,"Chris Godwin Jr.","WR"
"249",41233,"Mike Evans","WR"
"250",54556,"Rachaad White","RB"
"251",46070,"Baker Mayfield","QB"
"252",54683,"Ko Kieft","TE"
"253",55967,"Mekhi Blackmon","CB"
"254",53519,"Patrick Jones II","OLB"
"255",54571,"Cade Otton","TE"
"256",55075,"Deven Thompkins","WR"
"257",41915,"Shaquil Barrett","OLB"
"258",53461,"Joe Tryon-Shoyinka","OLB"
"259",47885,"Alexander Mattison","RB"
"260",47852,"Josh Oliver","TE"
"261",47890,"Anthony Nelson","OLB"
"262",55947,"Yaya Diaby","OLB"
"263",45094,"Johnny Mundt","TE"
"264",56527,"Ivan Pace Jr.","ILB"
"265",46203,"Chase Edmonds","RB"
"266",56056,"Trey Palmer","WR"
"267",54531,"Brian Asamoah II","ILB"
"268",54634,"Ty Chandler","RB"
"269",43426,"Dean Lowry","DE"
"270",42431,"Danielle Hunter","DE"
"271",52525,"D.J. Wonnum","OLB"
"272",56541,"Rakim Jarrett","WR"
"273",56663,"Sean Tucker","RB"
"274",46081,"Vita Vea","NT"
"275",54514,"Alontae Taylor","CB"
"276",38607,"Demario Davis","MLB"
"277",44851,"Marcus Maye","FS"
"278",44823,"Marshon Lattimore","CB"
"279",53505,"Paulson Adebo","CB"
"280",53489,"Pete Werner","ILB"
"281",40017,"Tyrann Mathieu","FS"
"282",39973,"DeAndre Hopkins","WR"
"283",53074,"Nick Westbrook-Ikhine","WR"
"284",54483,"Treylon Burks","WR"
"285",55946,"Tyjae Spears","RB"
"286",38538,"Ryan Tannehill","QB"
"287",54608,"Chig Okonkwo","TE"
"288",56011,"Jordan Howden","FS"
"289",47899,"Amani Hooker","SS"
"290",48268,"Azeez Al-Shaair","MLB"
"291",46110,"Harold Landry III","OLB"
"292",55184,"Jack Gibbens","ILB"
"293",43353,"Kevin Byard","FS"
"294",52469,"Kristian Fulton","CB"
"295",47822,"Sean Murphy-Bunting","CB"
"296",54476,"Chris Olave","WR"
"297",47920,"Foster Moreau","TE"
"298",44947,"Jamaal Williams","RB"
"299",52942,"Juwan Johnson","TE"
"300",41265,"Derek Carr","QB"
"301",43336,"Michael Thomas","WR"
"302",53529,"Elijah Molden","FS"
"303",54500,"Roger McCreary","CB"
"304",55133,"Rashid Shaheed","WR"
"305",52482,"Zack Baun","ILB"
"306",43334,"Derrick Henry","RB"
"307",47904,"Trevon Wesco","TE"
"308",46542,"Keith Kirkwood","WR"
"309",52746,"Kirk Merritt","WR"
"310",52571,"Kindle Vildor","CB"
"311",53932,"Adam Prentice","FB"
"312",46168,"Isaac Yiadom","CB"
"313",43396,"Chris Moore","WR"
"314",46141,"Nathan Shepherd","DE"
"315",55081,"Mike Brown","FS"
"316",52762,"Tony Jones","RB"
"317",55182,"Julius Chestnut","RB"
"318",48537,"Carl Granderson","OLB"
"319",56012,"Josh Whyle","TE"
"320",47915,"Ugo Amadi","FS"
"321",53531,"Ambry Thomas","CB"
"322",46757,"Charvarius Ward","CB"
"323",53601,"Deommodore Lenoir","CB"
"324",47931,"Dre Greenlaw","ILB"
"325",46139,"Fred Warner","MLB"
"326",53609,"Talanoa Hufanga","SS"
"327",38868,"Tashaun Gipson","FS"
"328",41290,"Allen Robinson","WR"
"329",47849,"Diontae Johnson","WR"
"330",53453,"Najee Harris","RB"
"331",53484,"Pat Freiermuth","TE"
"332",54485,"Kenny Pickett","QB"
"333",54517,"George Pickens","WR"
"334",52510,"Alex Highsmith","OLB"
"335",47956,"Cole Holcomb","ILB"
"336",43503,"Elandon Roberts","MLB"
"337",43306,"Keanu Neal","FS"
"338",46698,"Levi Wallace","CB"
"339",46080,"Minkah Fitzpatrick","FS"
"340",37078,"Patrick Peterson","CB"
"341",52433,"Brandon Aiyuk","WR"
"342",44820,"Christian McCaffrey","RB"
"343",44959,"George Kittle","TE"
"344",40078,"Kyle Juszczyk","FB"
"345",54727,"Brock Purdy","QB"
"346",47819,"Deebo Samuel Sr.","WR"
"347",44962,"Damontae Kazee","FS"
"348",42467,"Kwon Alexander","OLB"
"349",54905,"Jaylen Warren","RB"
"350",46652,"Chandon Sullivan","CB"
"351",52625,"Jauan Jennings","WR"
"352",56118,"Ronnie Bell","WR"
"353",55897,"Joey Porter Jr.","CB"
"354",46157,"Oren Burks","OLB"
"355",44842,"T.J. Watt","OLB"
"356",52598,"Charlie Woerner","TE"
"357",53623,"Elijah Mitchell","RB"
"358",46331,"Ross Dwelley","TE"
"359",55958,"Darnell Washington","TE"
"360",42401,"Markus Golden","OLB"
"361",55997,"Nick Herbig","OLB"
"362",54603,"Calvin Austin III","WR"
"363",54673,"Connor Heyward","TE"
"364",52532,"Anthony McFarland","RB"
"365",46256,"Ray-Ray McCloud","WR"
"366",46127,"Isaiah Oliver","FS"
"367",47876,"Miles Boykin","WR"
"368",54637,"Samuel Womack","CB"
"369",46349,"George Odum","FS"
"370",44848,"Budda Baker","SS"
"371",49410,"Jalen Thompson","FS"
"372",46968,"Josh Woods","MLB"
"373",52535,"K'Von Wallace","FS"
"374",56045,"Kei'Trel Clark","CB"
"375",46188,"Kyzir White","ILB"
"376",53565,"Marco Wilson","CB"
"377",54563,"Brian Robinson","RB"
"378",44852,"Curtis Samuel","WR"
"379",41349,"Logan Thomas","TE"
"380",47859,"Terry McLaurin","WR"
"381",54609,"Sam Howell","QB"
"382",54481,"Jahan Dotson","WR"
"383",46657,"Dennis Gardeck","OLB"
"384",53445,"Zaven Collins","OLB"
"385",53511,"Dyami Brown","WR"
"386",52474,"Antonio Gibson","RB"
"387",53503,"Benjamin St-Juste","CB"
"388",47871,"Cody Barton","ILB"
"389",53592,"Darrick Forrest","FS"
"390",55880,"Emmanuel Forbes","CB"
"391",53448,"Jamin Davis","OLB"
"392",52624,"Kam Curl","SS"
"393",43373,"Kendall Fuller","CB"
"394",44917,"James Conner","RB"
"395",47808,"Marquise Brown","WR"
"396",55959,"Michael Wilson","WR"
"397",53478,"Rondale Moore","WR"
"398",44948,"Joshua Dobbs","QB"
"399",39983,"Zach Ertz","TE"
"400",54578,"Percy Butler","SS"
"401",45102,"Zach Pascal","WR"
"402",52641,"Casey Toohill","DE"
"403",42589,"Geoff Swaim","TE"
"404",54666,"Keaontay Ingram","RB"
"405",54520,"Trey McBride","TE"
"406",52863,"Krys Barnes","ILB"
"407",43986,"Antonio Hamilton","CB"
"408",54614,"Cole Turner","TE"
"409",53639,"Victor Dimukeje","OLB"
"410",53553,"John Bates","TE"
"411",52637,"James Smith-Williams","DE"
"412",46807,"Andre Chachere","SS"
"413",47804,"Darnell Savage","FS"
"414",46087,"Jaire Alexander","CB"
"415",48241,"Keisean Nixon","CB"
"416",42381,"Preston Smith","DE"
"417",54487,"Quay Walker","OLB"
"418",44911,"Rasul Douglas","CB"
"419",45021,"Rudy Ford","FS"
"420",52451,"Cole Kmet","TE"
"421",46093,"DJ Moore","WR"
"422",52581,"Darnell Mooney","WR"
"423",53646,"Khalil Herbert","RB"
"424",53440,"Justin Fields","QB"
"425",55998,"Tyler Scott","WR"
"426",44925,"Eddie Jackson","FS"
"427",54513,"Jaquan Brisker","SS"
"428",52458,"Jaylon Johnson","CB"
"429",54504,"Kyler Gordon","CB"
"430",48516,"T.J. Edwards","OLB"
"431",46085,"Tremaine Edmunds","MLB"
"432",55921,"Tyrique Stevenson","CB"
"433",44995,"Aaron Jones","RB"
"434",56024,"Dontayvion Wicks","WR"
"435",55915,"Jayden Reed","WR"
"436",55907,"Luke Musgrave","TE"
"437",52434,"Jordan Love","QB"
"438",54597,"Romeo Doubs","WR"
"439",54781,"Jack Sanborn","MLB"
"440",52502,"Josiah Deguara","TE"
"441",54719,"Elijah Hicks","FS"
"442",52457,"Chase Claypool","WR"
"443",43404,"De'Vondre Campbell","ILB"
"444",54644,"Kingsley Enagbare","DE"
"445",48207,"Khari Blasingame","FB"
"446",44901,"D'Onta Foreman","RB"
"447",52470,"AJ Dillon","RB"
"448",54723,"Samori Toure","WR"
"449",56220,"Malik Heath","WR"
"450",45635,"Robert Tonyan","TE"
"451",47939,"Justin Hollins","OLB"
"452",56529,"Ben Sims","TE"
"453",56097,"Carrington Valentine","CB"
"454",55980,"Roschon Johnson","RB"
"455",54639,"Dominique Robinson","DE"
"456",54807,"Josh Blackwell","CB"
"457",53649,"Isaiah McDuffie","MLB"
"458",52875,"Patrick Taylor","RB"
"459",55943,"Tucker Kraft","TE"
"460",46669,"Jonathan Owens","SS"
"461",45215,"Eric Wilson","ILB"
"462",46908,"Dallin Leavitt","SS"
"463",53187,"Innis Gaines","SS"
"464",44990,"Trent Taylor","WR"
"465",42929,"Alex Singleton","ILB"
"466",54580,"Damarri Mathis","CB"
"467",46175,"Josey Jewell","ILB"
"468",43387,"Justin Simmons","FS"
"469",35459,"Kareem Jackson","SS"
"470",53438,"Pat Surtain II","CB"
"471",47749,"Jakob Johnson","FB"
"472",48097,"Jakobi Meyers","WR"
"473",47807,"Josh Jacobs","RB"
"474",55900,"Michael Mayer","TE"
"475",41291,"Jimmy Garoppolo","QB"
"476",41282,"Davante Adams","WR"
"477",52764,"Essang Bassey","CB"
"478",43370,"Austin Hooper","TE"
"479",53075,"Kristian Wilkerson","WR"
"480",53509,"Divine Deablo","ILB"
"481",55969,"Jakorian Bennett","CB"
"482",47974,"Marcus Epps","SS"
"483",42361,"Marcus Peters","CB"
"484",53596,"Nate Hobbs","CB"
"485",46902,"Robert Spillane","ILB"
"486",53472,"Tre'von Moehrig","SS"
"487",46109,"Courtland Sutton","WR"
"488",54545,"Greg Dulcich","TE"
"489",53464,"Javonte Williams","RB"
"490",48541,"Lil'Jordan Humphrey","WR"
"491",38605,"Russell Wilson","QB"
"492",52513,"Adam Trautman","TE"
"493",54967,"Brandon Johnson","WR"
"494",55928,"Marvin Mims Jr.","WR"
"495",44927,"Samaje Perine","RB"
"496",53668,"Jonathon Cooper","OLB"
"497",54587,"Zamir White","RB"
"498",47932,"Hunter Renfrow","WR"
"499",44893,"Fabian Moreau","CB"
"500",42397,"Ameer Abdullah","RB"
"501",54529,"Nik Bonitto","OLB"
"502",42406,"Frank Clark","OLB"
"503",48581,"Roderic Teamer","SS"
"504",42302,"Chris Manhertz","TE"
"505",42372,"Phillip Dorsett","WR"
"506",42794,"DeAndre Carter","WR"
"507",52547,"Amik Robertson","CB"
"508",42511,"Michael Burton","FB"
"509",55871,"Tyree Wilson","DE"
"510",52594,"Alohi Gilman","FS"
"511",46086,"Derwin James","SS"
"512",42388,"Eric Kendricks","ILB"
"513",46775,"J.C. Jackson","CB"
"514",54544,"JT Woods","CB"
"515",52431,"Kenneth Murray, Jr.","MLB"
"516",45571,"Michael Davis","CB"
"517",48233,"Alec Ingold","FB"
"518",46192,"Durham Smythe","TE"
"519",42718,"Raheem Mostert","RB"
"520",43454,"Tyreek Hill","WR"
"521",52413,"Tua Tagovailoa","QB"
"522",53435,"Jaylen Waddle","WR"
"523",47934,"Andrew Van Ginkel","OLB"
"524",46259,"DeShon Elliott","SS"
"525",43299,"Eli Apple","CB"
"526",46142,"Jerome Baker","OLB"
"527",53465,"Jevon Holland","FS"
"528",54936,"Kader Kohou","CB"
"529",43327,"Xavien Howard","CB"
"530",45573,"Austin Ekeler","RB"
"531",44856,"Gerald Everett","TE"
"532",53506,"Josh Palmer","WR"
"533",44819,"Mike Williams","WR"
"534",52414,"Justin Herbert","QB"
"535",40024,"Keenan Allen","WR"
"536",47971,"David Long Jr.","ILB"
"537",53447,"Jaelan Phillips","OLB"
"538",48456,"Donald Parham","TE"
"539",52520,"Joshua Kelley","RB"
"540",46279,"Braxton Berrios","WR"
"541",54590,"Erik Ezukanma","WR"
"542",45900,"River Cracraft","WR"
"543",53476,"Asante Samuel","CB"
"544",52922,"Salvon Ahmed","RB"
"545",38707,"Justin Bethel","CB"
"546",55885,"Quentin Johnston","WR"
"547",55061,"Stone Smartt","TE"
"548",46074,"Bradley Chubb","OLB"
"549",41231,"Khalil Mack","OLB"
"550",54679,"Ja'Sir Taylor","CB"
"551",55919,"Tuli Tuipulotu","OLB"
"552",56582,"Elijah Dotson","RB"
"553",55881,"Christian Gonzalez","CB"
"554",46212,"Ja'Whaun Bentley","ILB"
"555",44837,"Jabrill Peppers","SS"
"556",47826,"Jahlani Tavai","ILB"
"557",43700,"Jonathan Jones","CB"
"558",52445,"Kyle Dugger","SS"
"559",52991,"Myles Bryant","S"
"560",47834,"A.J. Brown","WR"
"561",46118,"Dallas Goedert","TE"
"562",53439,"DeVonta Smith","WR"
"563",52608,"Quez Watkins","WR"
"564",52461,"Jalen Hurts","QB"
"565",53579,"Kenneth Gainwell","RB"
"566",55941,"Marte Mapu","ILB"
"567",53946,"Jack Stoll","TE"
"568",46194,"Avonte Maddox","CB"
"569",39984,"Darius Slay","CB"
"570",43351,"James Bradberry","CB"
"571",44862,"Justin Evans","FS"
"572",54548,"Nakobe Dean","ILB"
"573",54808,"Reed Blankenship","FS"
"574",44869,"Zach Cunningham","MLB"
"575",56075,"DeMario Douglas","WR"
"576",46111,"Mike Gesicki","TE"
"577",45339,"Pharaoh Brown","TE"
"578",42437,"Ty Montgomery","WR"
"579",53444,"Mac Jones","QB"
"580",43324,"Hunter Henry","TE"
"581",45185,"Kendrick Bourne","WR"
"582",53549,"Rhamondre Stevenson","RB"
"583",56052,"Kayshon Boutte","WR"
"584",54550,"Marcus Jones","CB"
"585",46270,"Boston Scott","RB"
"586",55894,"Nolan Smith","OLB"
"587",44874,"JuJu Smith-Schuster","WR"
"588",47938,"Mack Wilson","ILB"
"589",52443,"D'Andre Swift","RB"
"590",43522,"Jalen Mills","CB"
"591",46097,"Terrell Edmunds","FS"
"592",43293,"Ezekiel Elliott","RB"
"593",54026,"Christian Elliss","ILB"
"594",42116,"Adrian Phillips","FS"
"595",43435,"Matthew Judon","OLB"
"596",48374,"Olamide Zaccheaus","WR"
"597",52468,"Joshua Uche","OLB"
"598",54663,"Grant Calcaterra","TE"
"599",35452,"Brandon Graham","DE"
"600",54815,"Josh Jobe","CB"
"601",44878,"Ahkello Witherspoon","CB"
"602",52844,"Christian Rozeboom","ILB"
"603",54677,"Derion Kendrick","CB"
"604",53532,"Ernest Jones","MLB"
"605",52607,"Jordan Fuller","FS"
"606",52835,"Michael Hoecht","OLB"
"607",54718,"Russ Yeast","FS"
"608",47847,"DK Metcalf","WR"
"609",54506,"Kenneth Walker III","RB"
"610",47803,"Noah Fant","TE"
"611",46189,"Will Dissly","TE"
"612",39987,"Geno Smith","QB"
"613",42412,"Tyler Lockett","WR"
"614",55942,"Byron Young","OLB"
"615",54607,"Cobie Durant","CB"
"616",55103,"Zach VanValkenburg","OLB"
"617",56471,"Jake Bobo","WR"
"618",55884,"Jaxon Smith-Njigba","WR"
"619",52541,"Colby Parkinson","TE"
"620",38577,"Bobby Wagner","MLB"
"621",54574,"Coby Bryant","FS"
"622",52435,"Jordyn Brooks","ILB"
"623",47891,"Julian Love","SS"
"624",42543,"Quandre Diggs","FS"
"625",54618,"Riq Woolen","CB"
"626",53566,"Tre Brown","CB"
"627",54629,"Kyren Williams","RB"
"628",56042,"Puka Nacua","WR"
"629",53486,"Tutu Atwell","WR"
"630",52465,"Van Jefferson","WR"
"631",34452,"Matthew Stafford","QB"
"632",43399,"Tyler Higbee","TE"
"633",43314,"Artie Burns","CB"
"634",52456,"Darrell Taylor","DE"
"635",43415,"Demarcus Robinson","WR"
"636",55917,"Zach Charbonnet","RB"
"637",47941,"Mike Jackson","CB"
"638",47793,"Devin Bush","MLB"
"639",53678,"Ben Skowronek","WR"
"640",52544,"Brycen Hopkins","TE"
"641",55902,"Derick Hall","OLB"
"642",52552,"DeeJay Dallas","RB"
"643",46117,"Uchenna Nwosu","OLB"
"644",48266,"Cody Thompson","WR"
"645",52460,"Cam Akers","RB"
"646",56040,"Davis Allen","TE"
"647",54676,"Quentin Lake","FS"
"648",43533,"Jayron Kearse","FS"
"649",55166,"Juanyeh Thomas","FS"
"650",46088,"Leighton Vander Esch","ILB"
"651",44827,"Malik Hooker","SS"
"652",55149,"Markquese Bell","SS"
"653",38540,"Stephon Gilmore","CB"
"654",52459,"Trevon Diggs","CB"
"655",47954,"Darius Slayton","WR"
"656",55938,"Jalin Hyatt","WR"
"657",46071,"Saquon Barkley","RB"
"658",47789,"Daniel Jones","QB"
"659",42547,"Darren Waller","TE"
"660",44830,"Adoree' Jackson","CB"
"661",47872,"Bobby Okereke","ILB"
"662",55888,"Deonte Banks","CB"
"663",53604,"Jason Pinnock","FS"
"664",54611,"Micah McFadden","ILB"
"665",56074,"Tre Hawkins III","CB"
"666",52444,"Xavier McKinney","SS"
"667",41246,"Brandin Cooks","WR"
"668",52425,"CeeDee Lamb","WR"
"669",46150,"Michael Gallup","WR"
"670",47911,"Tony Pollard","RB"
"671",43424,"Dak Prescott","QB"
"672",54594,"Jake Ferguson","TE"
"673",53117,"KaVontae Turpin","WR"
"674",54632,"DaRon Bland","CB"
"675",52615,"Isaiah Hodgins","WR"
"676",47842,"Parris Campbell","WR"
"677",55157,"Peyton Hendershot","TE"
"678",54579,"Dane Belton","SS"
"679",54553,"Jalen Tolbert","WR"
"680",52416,"Isaiah Simmons","MLB"
"681",43329,"Sterling Shepard","WR"
"682",54641,"Damone Clark","OLB"
"683",53656,"Israel Mukuamu","FS"
"684",54577,"Daniel Bellinger","TE"
"685",45186,"Matt Breida","RB"
"686",53854,"Nick McCloud","CB"
"687",43333,"Jihad Ward","OLB"
"688",54470,"Kayvon Thibodeaux","OLB"
"689",55923,"Luke Schoonmaker","TE"
"690",52518,"Darnay Holmes","CB"
"691",56077,"Deuce Vaughn","RB"
"692",53041,"Rico Dowdle","RB"
"693",53047,"Lawrence Cager","TE"
"694",42094,"C.J. Goodwin","CB"
"695",52438,"Noah Igbinoghene","CB"
"696",53625,"Gary Brightwell","RB"
"697",45536,"Cooper Rush","QB"
"698",42485,"Adrian Amos","FS"
"699",41243,"C.J. Mosley","ILB"
"700",46211,"D.J. Reed","CB"
"701",47881,"Quincy Williams","OLB"
"702",54469,"Sauce Gardner","CB"
"703",54833,"Tony Adams","SS"
"704",55889,"Dalton Kincaid","TE"
"705",47879,"Dawson Knox","TE"
"706",52536,"Gabe Davis","WR"
"707",54528,"James Cook","RB"
"708",46076,"Josh Allen","QB"
"709",42489,"Stefon Diggs","WR"
"710",46186,"Jordan Whitehead","SS"
"711",53583,"Michael Carter II","CB"
"712",48415,"Deonte Harty","WR"
"713",54650,"Christian Benford","CB"
"714",40166,"Jordan Poyer","SS"
"715",44976,"Matt Milano","OLB"
"716",40107,"Micah Hyde","FS"
"717",46190,"Taron Johnson","CB"
"718",54554,"Terrel Bernard","MLB"
"719",44839,"Tre'Davious White","CB"
"720",46705,"Allen Lazard","WR"
"721",54501,"Breece Hall","RB"
"722",42500,"C.J. Uzomah","TE"
"723",46226,"Tyler Conklin","TE"
"724",53431,"Zach Wilson","QB"
"725",54475,"Garrett Wilson","WR"
"726",37139,"Randall Cobb","WR"
"727",53536,"Michael Carter","RB"
"728",52476,"Ashtyn Davis","SS"
"729",47870,"Damien Harris","RB"
"730",43436,"Quinton Jefferson","DE"
"731",44853,"Dalvin Cook","RB"
"732",52462,"A.J. Epenesa","DE"
"733",40129,"Latavius Murray","RB"
"734",46671,"Trent Sherfield","WR"
"735",53855,"Quintin Morris","TE"
"736",54613,"Khalil Shakir","WR"
"737",53575,"Jamien Sherwood","MLB"
"738",54669,"Theo Jackson","FS"
"739",45345,"Nicholas Morrow","ILB"
"740",55931,"Sydney Brown","SS"
"741",54814,"Mario Goodrich","CB"
"742",46199,"Josh Sweat","OLB"
"743",46096,"Rashaad Penny","RB"
"744",55175,"Nate Landman","ILB"
"745",46992,"KhaDarel Hodge","WR"
"746",41808,"Keith Smith","FB"
"747",46684,"Tae Davis","ILB"
"748",56516,"Emanuel Wilson","RB"
"749",46099,"Mike Hughes","CB"
"750",43298,"Leonard Floyd","DE"
"751",47862,"David Long","CB"
"752",53079,"Reggie Gilliam","FB"
"753",55105,"Luke Masterson","OLB"
"754",55965,"Tre Tucker","WR"
"755",48487,"Cam Lewis","FS"
"756",52647,"Dane Jackson","CB"
"757",55956,"Dorian Williams","OLB"
"758",46223,"Siran Neal","FS"
"759",47844,"Taylor Rapp","FS"
"760",48482,"Tyrel Dodson","ILB"
"761",47896,"Justice Hill","RB"
"762",46155,"Mark Andrews","TE"
"763",45268,"Patrick Ricard","FB"
"764",55892,"Myles Murphy","DE"
"765",46146,"Sam Hubbard","DE"
"766",41227,"Jadeveon Clowney","OLB"
"767",52500,"Devin Duvernay","WR"
"768",55960,"Jordan Battle","SS"
"769",56071,"Andrei Iosivas","WR"
"770",52673,"Mitchell Wilcox","TE"
"771",55989,"Tavius Robinson","OLB"
"772",55869,"Devon Witherspoon","CB"
"773",46151,"Tracy Walker III","FS"
"774",56084,"Antoine Green","WR"
"775",54467,"Aidan Hutchinson","DE"
"776",53470,"Levi Onwuzurike","DE"
"777",54642,"James Mitchell","TE"
"778",48707,"Craig Reynolds","RB"
"779",52494,"Zack Moss","RB"
"780",45719,"Dare Ogunbowale","RB"
"781",43474,"DeAndre Houston-Carson","FS"
"782",56027,"Will Mallory","TE"
"783",53576,"Brevin Jordan","TE"
"784",44957,"Grover Stewart","DT"
"785",54509,"John Metchie III","WR"
"786",53450,"Kwity Paye","DE"
"787",54561,"Nick Cross","SS"
"788",44938,"Samson Ebukam","DE"
"789",44978,"Jamal Agnew","WR"
"790",40011,"Travis Kelce","TE"
"791",42377,"Donovan Smith","T"
"792",47605,"D'Ernest Johnson","RB"
"793",54708,"Jaylen Watson","CB"
"794",53707,"Tim Jones","WR"
"795",54535,"Chad Muma","MLB"
"796",46310,"Greg Stroman","CB"
"797",46153,"Justin Jones","DT"
"798",46759,"David Wells","TE"
"799",54622,"Zyon McCollum","CB"
"800",43411,"Andrew Billings","DT"
"801",56141,"Quindell Johnson","SS"
"802",56030,"Terell Smith","CB"
"803",54778,"Jaylon Jones","CB"
"804",47917,"Greg Gaines","NT"
"805",46699,"Dee Delaney","CB"
"806",54536,"Velus Jones Jr.","RB"
"807",53614,"Nick Niemann","MLB"
"808",42031,"Denico Autry","DE"
"809",55181,"Tre Avery","CB"
"810",55990,"Derius Davis","WR"
"811",47802,"Jeffery Simmons","DT"
"812",53564,"Rashad Weaver","OLB"
"813",53921,"Amen Ogbongbemiga","ILB"
"814",56576,"Brevin Allen","DE"
"815",54588,"Isaiah Spiller","RB"
"816",46156,"Arden Key","OLB"
"817",47878,"Oshane Ximines","OLB"
"818",56395,"Emari Demercado","RB"
"819",54721,"Jesse Luketa","OLB"
"820",42488,"Bobby McCain","SS"
"821",44903,"John Johnson","SS"
"822",54054,"Austin Trammell","WR"
"823",55145,"Ronnie Rivers","RB"
"824",56109,"Jalen Brooks","WR"
"825",53053,"Bryce Huff","OLB"
"826",44904,"Jourdan Lewis","CB"
"827",56457,"Hunter Luepke","FB"
"828",44174,"Sam Eguavoen","ILB"
"829",46306,"Nick Bawden","FB"
"830",53629,"Brandin Echols","CB"
"831",47839,"Mecole Hardman","WR"
"832",42346,"Dante Fowler Jr.","DE"
"833",46522,"Byron Pringle","WR"
"834",52423,"Jerry Jeudy","WR"
"835",54617,"Delarrin Turner-Yell","FS"
"836",56559,"Mitchell Tinsley","WR"
"837",47809,"Montez Sweat","DE"
"838",56513,"Jaleel McLaughlin","RB"
"839",54969,"Ja'Quan McMillian","CB"
"840",56502,"Nate Adkins","TE"
"841",42357,"DeVante Parker","WR"
"842",53589,"Shaun Wade","CB"
"843",55949,"De'Von Achane","RB"
"844",45244,"Taysom Hill","QB"
"845",35534,"Jimmy Graham","TE"
"846",47799,"Brian Burns","OLB"
"847",52446,"Yetur Gross-Matos","OLB"
"848",43497,"Kamu Grugier-Hill","ILB"
"849",46130,"D.J. Chark","WR"
"850",37097,"Cameron Jordan","OLB"
"851",47846,"Juan Thornhill","FS"
"852",48988,"Gunner Olszewski","WR"
"853",46229,"Ogbo Okoronkwo","OLB"
"854",54592,"Pierre Strong","RB"
"855",52904,"Elijah Riley","FS"
"856",54508,"Wan'Dale Robinson","WR"
"857",55952,"Ji'Ayir Brown","SS"
"858",54526,"Drake Jackson","DE"
"859",42419,"Chris Conley","WR"
"860",37255,"Tyrod Taylor","QB"
"861",55909,"Julius Brents","CB"
"862",54857,"Jeremiah Moon","OLB"
"863",43362,"Kenyan Drake","RB"
"864",53517,"Trey Sermon","RB"
"865",42358,"Melvin Gordon","RB"
"866",52479,"Nnamdi Madubuike","DT"
"867",54541,"Travis Jones","NT"
"868",45395,"Arthur Maulet","CB"
"869",44898,"Kareem Hunt","RB"
"870",53530,"Ifeatu Melifonwu","SS"
"871",52411,"Jeff Okudah","CB"
"872",42486,"MyCole Pruitt","TE"
"873",33131,"Calais Campbell","DT"
"874",47918,"John Cominsky","DE"
"875",44937,"Jalen Reeves-Maybin","OLB"
"876",54835,"Bam Knight","RB"
"877",52488,"Lynn Bowden","WR"
"878",55936,"Kendre Miller","RB"
"879",47837,"Lonnie Johnson","FS"
"880",47963,"Corey Ballentine","CB"
"881",42344,"Jameis Winston","QB"
"882",55893,"Bryan Bresee","DT"
"883",41256,"Jimmie Ward","FS"
"884",47940,"Blake Cashman","ILB"
"885",55974,"Dylan Horton","DE"
"886",56001,"Yasir Abdullah","OLB"
"887",43356,"Maliek Collins","DT"
"888",55043,"Jake Hansen","OLB"
"889",47968,"Ka'dar Hollman","CB"
"890",53570,"Jacob Harris","WR"
"891",44916,"C.J. Beathard","QB"
"892",55932,"Drew Sanders","OLB"
"893",43808,"Robbie Chosen","WR"
"894",46248,"Parry Nickerson","CB"
"895",42403,"Randy Gregory","OLB"
"896",56410,"Julian Hill","TE"
"897",46277,"Cedrick Wilson Jr.","WR"
"898",56510,"Thomas Incoom","OLB"
"899",52478,"Brandon Jones","FS"
"900",44887,"Duke Riley","ILB"
"901",46501,"Elijah Campbell","FS"
"902",43321,"Emmanuel Ogbah","DE"
"903",53473,"Kelvin Joseph","CB"
"904",56375,"Chris Brooks","RB"
"905",46240,"Mike White","QB"
"906",54567,"Channing Tindall","ILB"
"907",54689,"Cameron Goode","OLB"
"908",46165,"Harrison Phillips","NT"
"909",53547,"Chris Rumph II","OLB"
"910",53526,"Tre' McKitty","TE"
"911",46830,"Brandon Powell","WR"
"912",55054,"Raheem Layne","SS"
"913",46264,"Sebastian Joseph-Day","DE"
"914",52495,"Anfernee Jennings","OLB"
"915",52410,"Chase Young","OLB"
"916",53459,"Greg Rousseau","DE"
"917",43341,"Deion Jones","ILB"
"918",37110,"Andy Dalton","QB"
"919",56598,"D'Shawn Jamison","CB"
"920",52939,"Sam Franklin Jr.","FS"
"921",54505,"Boye Mafe","OLB"
"922",56063,"Jerrick Reed II","SS"
"923",44865,"Teez Tabor","FS"
"924",53586,"Ihmir Smith-Marsette","WR"
"925",47996,"Donovan Wilson","FS"
"926",46674,"Ezekiel Turner","ILB"
"927",37083,"Blaine Gabbert","QB"
"928",54877,"Jack Cochrane","MLB"
"929",53887,"Malik Herring","DE"
"930",54690,"Mark Robinson","ILB"
"931",54810,"Britain Covey","WR"
"932",53605,"K.J. Britt","ILB"
"933",44825,"Haason Reddick","OLB"
"934",56547,"Derrek Pitts","CB"
"935",46797,"Tanner Hudson","TE"
"936",55996,"Charlie Jones","WR"
"937",56028,"Chase Brown","RB"
"938",46630,"Jalen Davis","CB"
"939",54499,"Christian Watson","WR"
"940",43775,"Romeo Okwara","DE"
"941",54493,"Devonte Wyatt","DT"
"942",55877,"Lukas Van Ness","DE"
"943",56089,"DeMarcco Hellams","SS"
"944",42365,"Bud Dupree","OLB"
"945",52548,"Shaquille Quarterman","ILB"
"946",39975,"Cordarrelle Patterson","RB"
"947",52708,"JaMycal Hasty","RB"
"948",52565,"Daniel Thomas","SS"
"949",55148,"Chandler Wooten","ILB"
"950",46276,"Equanimeous St. Brown","WR"
"951",43358,"Yannick Ngakoue","DE"
"952",30842,"Marcedes Lewis","TE"
"953",56005,"Dorian Thompson-Robinson","QB"
"954",53582,"Tony Fields II","OLB"
"955",41269,"Kyle Van Noy","OLB"
"956",43507,"Kevon Seymour","CB"
"957",43312,"Laquon Treadwell","WR"
"958",48364,"Del'Shawn Phillips","ILB"
"959",55951,"Trenton Simpson","ILB"
"960",43301,"Sheldon Rankins","DT"
"961",44814,"Mitchell Trubisky","QB"
"962",56117,"Alex Austin","CB"
"963",55115,"Segun Olubi","OLB"
"964",53514,"Amari Rodgers","WR"
"965",56086,"Jaylon Jones","CB"
"966",44879,"Alvin Kamara","RB"
"967",47810,"Johnathan Abram","SS"
"968",52484,"Ke'Shawn Vaughn","RB"
"969",46378,"J.T. Gray","SS"
"970",44826,"Derek Barnett","DE"
"971",49476,"Derrick Gore","RB"
"972",56093,"Colton Dowell","WR"
"973",53049,"Shyheim Carter","FS"
"974",52623,"Markus Bailey","ILB"
"975",46446,"Kevin Rader","TE"
"976",42901,"Dean Marlowe","SS"
"977",56000,"Aidan O'Connell","QB"
"978",52934,"Sean McKeon","TE"
"979",53513,"Chauncey Golston","OLB"
"980",46185,"Dorance Armstrong","DE"
"981",54602,"Bailey Zappe","QB"
"982",55911,"Keion White","OLB"
"983",55113,"Jordan Mason","RB"
"984",55906,"BJ Ojulari","OLB"
"985",41500,"Willie Snead","WR"
"986",54552,"Cameron Thomas","DE"
"987",48117,"Demetrius Flannigan-Fowles","ILB"
"988",47894,"Kendall Sheffield","CB"
"989",56081,"Dee Winters","OLB"
"990",54566,"Jeremy Ruckert","TE"
"991",56252,"Xavier Gipson","WR"
"992",52566,"Bryce Hall","CB"
"993",44818,"Jamal Adams","OLB"
"994",54546,"Cordale Flott","CB"
"995",47825,"Drew Lock","QB"
"996",54014,"Jon Rhattigan","ILB"
"997",46329,"Danny Johnson","CB"
"998",42448,"Jamison Crowder","WR"
"999",46148,"Rasheem Green","DE"
"1000",44863,"DeMarcus Walker","DE"
"1001",47828,"Joejuan Williams","CB"
"1002",54891,"A.J. Thomas","FS"
"1003",54488,"Kaiir Elam","CB"
"1004",56025,"Antonio Johnson","SS"
"1005",37075,"Von Miller","OLB"
"1006",55240,"Ja'Marcus Ingram","CB"
"1007",43409,"David Onyemata","DT"
"1008",48599,"Albert Huggins","DT"
"1009",42480,"Grady Jarrett","DT"
"1010",52498,"Jonathan Greenard","OLB"
"1011",45142,"Darrell Daniels","TE"
"1012",54477,"Jameson Williams","WR"
"1013",46354,"Emmanuel Moseley","CB"
"1014",52743,"Benito Jones","DT"
"1015",55104,"Sam Webb","CB"
"1016",53688,"Grant Stuard","OLB"
"1017",54628,"Kyle Philips","WR"
"1018",52449,"Jonathan Taylor","RB"
"1019",56037,"Eric Gray","RB"
"1020",56079,"Ameer Speed","CB"
"1021",55132,"Nephi Sewell","ILB"
"1022",41502,"Daniel Sorensen","FS"
"1023",44828,"Marlon Humphrey","CB"
"1024",54819,"Joey Blount","FS"
"1025",43455,"DJ Reader","NT"
"1026",53498,"Joseph Ossai","DE"
"1027",48646,"Greg Dortch","WR"
"1028",55005,"Kwamie Lassiter","WR"
"1029",44881,"Cooper Kupp","WR"
"1030",56242,"Eli Ricks","CB"
"1031",41257,"Bradley Roby","CB"
"1032",47988,"Duke Shelley","CB"
"1033",48447,"P.J. Locke","SS"
"1034",53525,"Ronnie Perkins","OLB"
"1035",46083,"Marcus Davenport","OLB"
"1036",52540,"Troy Dye","ILB"
"1037",54507,"Andrew Booth","CB"
"1038",45274,"Adam Butler","DT"
"1039",52685,"Tyler Hall","CB"
"1040",45038,"Isaac Rochell","DE"
"1041",46144,"Derrick Nnadi","DT"
"1042",48170,"Jonathan Harris","DE"
"1043",54551,"Malik Willis","QB"
"1044",55912,"Quan Martin","FS"
"1045",52570,"Khaleke Hudson","ILB"
"1046",52501,"Darrynton Evans","RB"
"1047",56167,"Tyson Bagent","QB"
"1048",45159,"P.J. Walker","QB"
"1049",55867,"Will Anderson Jr.","DE"
"1050",54687,"Montaric Brown","CB"
"1051",56357,"Elijah Cooks","WR"
"1052",44880,"Dawuane Smoot","DE"
"1053",43616,"Matthias Farley","FS"
"1054",55014,"Raheem Blackshear","RB"
"1055",52659,"Stephen Sullivan","TE"
"1056",55945,"DJ Johnson","OLB"
"1057",56010,"Jammie Robinson","SS"
"1058",55916,"Cam Smith","CB"
"1059",47975,"Isaiah Buggs","DT"
"1060",56036,"Payne Durham","TE"
"1061",52947,"Cam Gill","OLB"
"1062",48318,"Devine Ozigbo","RB"
"1063",52475,"Julian Okwara","OLB"
"1064",53508,"Malcolm Koonce","DE"
"1065",52429,"Jalen Reagor","WR"
"1066",44944,"Deatrich Wise","DE"
"1067",54515,"Tyquan Thornton","WR"
"1068",34843,"Brian Hoyer","QB"
"1069",41712,"Damien Williams","RB"
"1070",56353,"Starling Thomas V","CB"
"1071",56080,"Zach Evans","RB"
"1072",55212,"Jacob Hummel","MLB"
"1073",56047,"Tre Tomlinson","CB"
"1074",54491,"Jermaine Johnson II","OLB"
"1075",48495,"Tae Hayes","CB"
"1076",46535,"Craig James","CB"
"1077",56237,"Mekhi Garner","CB"
"1078",43292,"Joey Bosa","DE"
"1079",56461,"Tyrus Wheat","DE"
"1080",53441,"Micah Parsons","OLB"
"1081",48228,"Keelan Doss","WR"
"1082",53028,"Khalil Dorsey","CB"
"1083",41363,"Brent Urban","DE"
"1084",54584,"Jalyn Armour-Davis","CB"
"1085",53501,"Alim McNeill","DT"
"1086",56345,"Steven Gilmore","CB"
"1087",52895,"Tyler Huntley","QB"
"1088",55100,"Isaiah Pola-Mao","FS"
"1089",54968,"Kana'i Mauga","ILB"
"1090",48700,"Jesper Horsted","TE"
"1091",54586,"Jack Jones","CB"
"1092",42512,"David Mayo","MLB"
"1093",53490,"Carlos Basham","OLB"
"1094",46135,"Lorenzo Carter","OLB"
"1095",53087,"LaCale London","DT"
"1096",55940,"Zach Harrison","DT"
"1097",47853,"Darrell Henderson","RB"
"1098",55036,"Rod Williams","TE"
"1099",46140,"Royce Freeman","RB"
"1100",52697,"James Pierre","CB"
"1101",55937,"Garrett Williams","CB"
"1102",56062,"Elijah Higgins","TE"
"1103",56107,"Anthony Johnson Jr.","FS"
"1104",53534,"Baron Browning","OLB"
"1105",56586,"AJ Finley","FS"
"1106",37079,"Julio Jones","WR"
"1107",52545,"Josiah Scott","CB"
"1108",46377,"Jeff Wilson","RB"
"1109",54931,"Tanner Conner","WR"
"1110",52836,"Trishton Jackson","WR"
"1111",47815,"N'Keal Harry","TE"
"1112",55883,"Calijah Kancey","DE"
"1113",55045,"Kurt Hinish","DT"
"1114",35470,"Jerry Hughes","DE"
"1115",56501,"Eku Leota","OLB"
"1116",41263,"DeMarcus Lawrence","OLB"
"1117",48090,"Brett Rypien","QB"
"1118",46091,"Rashaan Evans","ILB"
"1119",47795,"Rashan Gary","DE"
"1120",56029,"Jaren Hall","QB"
"1121",47867,"Khalen Saunders","DT"
"1122",56060,"A.T. Perry","WR"
"1123",43294,"Jalen Ramsey","CB"
"1124",48476,"Nik Needham","CB"
"1125",56231,"Tommy DeVito","QB"
"1126",46204,"John Franklin-Myers","DE"
"1127",48624,"Malik Taylor","WR"
"1128",43400,"Miles Killebrew","FS"
"1129",44877,"Larry Ogunjobi","DT"
"1130",42443,"Angelo Blackson","DT"
"1131",45018,"Jeremiah Ledbetter","DT"
"1132",44202,"Tevaughn Campbell","CB"
"1133",43352,"Adam Gotsis","DE"
"1134",43787,"Roy Robertson-Harris","DT"
"1135",56673,"Eric Garror","CB"
"1136",55898,"Will Levis","QB"
"1137",46303,"Andre Smith","ILB"
"1138",42831,"Taylor Heinicke","QB"
"1139",53521,"Monty Rice","ILB"
"1140",45005,"Alex Armah","RB"
"1141",37792,"Nick Bellore","OLB"
"1142",46209,"Maurice Hurst","DT"
"1143",52778,"Andre Baccellia","WR"
"1144",47848,"Zach Allen","DE"
"1145",46160,"Tre'Quan Smith","WR"
"1146",40039,"Duron Harmon","SS"
"1147",53608,"Simi Fehoko","WR"
"1148",55929,"Zacch Pickens","DT"
"1149",52555,"Khalid Kareem","DE"
"1150",55950,"Daiyan Henley","ILB"
"1151",54701,"Deane Leonard","CB"
"1152",56068,"Amari Burney","OLB"
"1153",48173,"Curtis Bolton","OLB"
"1154",56003,"Darius Rush","CB"
"1155",42899,"Damiere Byrd","WR"
"1156",43361,"Jonathan Bullard","DE"
"1157",56521,"Andre Carter II","OLB"
"1158",55233,"Tucker Fisk","TE"
"1159",48206,"Micah Abernathy","FS"
"1160",56205,"Keaton Mitchell","RB"
"1161",53560,"Tylan Wallace","WR"
"1162",56644,"Drake Thomas","ILB"
"1163",56004,"Clayton Tune","QB"
"1164",54915,"D'Anthony Bell","SS"
"1165",56275,"Kahlef Hailassie","S"
"1166",46290,"Matthew Adams","OLB"
"1167",46823,"Mike Ford","CB"
"1168",48780,"Troy Reeder","ILB"
"1169",41239,"Aaron Donald","DT"
"1170",44987,"Eric Saubert","TE"
"1171",44991,"Davon Godchaux","NT"
"1172",56002,"KJ Henry","DE"
"1173",56013,"Noah Sewell","MLB"
"1174",45643,"Dylan Cole","ILB"
"1175",56230,"Alex Cook","SS"
"1176",54654,"Amare Barno","OLB"
"1177",53883,"Dicaprio Bootle","CB"
"1178",43323,"Jaylon Smith","MLB"
"1179",42560,"Rakeem Nunez-Roches","NT"
"1180",48089,"Malik Reed","OLB"
"1181",52526,"Albert Okwuegbunam","TE"
"1182",43308,"Shaq Lawson","DE"
"1183",54834,"Irvin Charles","WR"
"1184",48556,"Jalen Guyton","WR"
"1185",43383,"Nick Vannett","TE"
"1186",47786,"Quinnen Williams","NT"
"1187",53658,"Mike Strachan","WR"
"1188",46205,"Marquis Haynes","OLB"
"1189",45590,"Calvin Munson","ILB"
"1190",52609,"James Proche","WR"
"1191",44867,"Dalvin Tomlinson","NT"
"1192",48530,"Stanley Morgan","WR"
"1193",52509,"Dalton Keene","TE"
"1194",54662,"Gregory Junior","CB"
"1195",47787,"Clelin Ferrell","DE"
"1196",43378,"Javon Hargrave","NT"
"1197",46072,"Sam Darnold","QB"
"1198",53933,"Curtis Robinson","ILB"
"1199",53607,"Shemar Jean-Charles","CB"
"1200",54656,"Jalen Nailor","WR"
"1201",56044,"Karl Brooks","DT"
"1202",43316,"Kenny Clark","NT"
"1203",54962,"Trenton Thompson","SS"
"1204",56670,"Markees Watts","OLB"
"1205",52563,"Trevis Gipson","DE"
"1206",47784,"Kyler Murray","QB"
"1207",55978,"Clark Phillips III","CB"
"1208",48486,"Tyree Jackson","TE"
"1209",53528,"Nahshon Wright","CB"
"1210",54995,"Jashaun Corbin","RB"
"1211",54698,"Dareke Young","WR"
"1212",47854,"Dre'Mont Jones","OLB"
"1213",42331,"Efe Obada","DE"
"1214",48489,"David Sills","WR"
"1215",55127,"Lucas Krull","TE"
"1216",47792,"Ed Oliver","DT"
"1217",46232,"Tim Settle","DT"
"1218",53641,"Damar Hamlin","SS"
"1219",56613,"Shedrick Jackson","WR"
"1220",52527,"Mykal Walker","ILB"
"1221",43663,"Alex Erickson","WR"
"1222",56225,"Benny Sapp","SS"
"1223",42428,"Tyler Kroft","TE"
"1224",52512,"Terrell Burgess","FS"
"1225",56058,"Chris Rodriguez Jr.","RB"
"1226",53479,"Azeez Ojulari","OLB"
"1227",56543,"Kaevon Merriweather","SS"
"1228",56018,"SirVocea Dennis","ILB"
"1229",56046,"Josh Hayes","CB"
"1230",48123,"Kevin Givens","DT"
"1231",56248,"Jason Brownlee","WR"
"1232",47969,"Ty Johnson","RB"
"1233",46430,"Tim Boyle","QB"
"1234",43535,"Tyler Matakevich","MLB"
"1235",56008,"Israel Abanikanda","RB"
"1236",54696,"Baylon Spector","ILB"
"1237",53485,"Dee Eskridge","WR"
"1238",56054,"Ochaun Mathis","OLB"
"1239",41235,"Anthony Barr","OLB"
"1240",55948,"Riley Moss","CB"
"1241",54694,"Bo Melton","CB"
"1242",56022,"Kyu Kelly","CB"
"1243",56098,"Andre Jones Jr.","DE"
"1244",46082,"Daron Payne","DT"
"1245",39997,"Johnathan Hankins","DT"
"1246",56174,"Jalen Harris","DE"
"1247",54521,"Sam Williams","DE"
"1248",55879,"Will McDonald IV","OLB"
"1249",53190,"Chris Blair","WR"
"1250",48723,"Parker Hesse","TE"
"1251",46162,"Ronnie Harrison","S"
"1252",53493,"Kyle Trask","QB"
"1253",48142,"D.J. Montgomery","WR"
"1254",56364,"Divaad Wilson","CB"
"1255",53510,"Hunter Long","TE"
"1256",56033,"Owen Pappoe","ILB"
"1257",56099,"Jason Taylor","FS"
"1258",48588,"Jordan Kunaszyk","ILB"
"1259",52907,"Noah Togiai","TE"
"1260",47845,"Andy Isabella","WR"
"1261",56585,"Andrew Farmer","OLB"
"1262",38545,"Bruce Irvin","OLB"
"1263",52665,"Malcolm Roach","DT"
"1264",53098,"Marquez Callaway","WR"
"1265",42593,"Trevor Siemian","QB"
"1266",46197,"Kentavius Street","DT"
"1267",53577,"Ta'Quon Graham","DE"
"1268",55079,"J.J. Russell","ILB"
"1269",45039,"David Moore","WR"
"1270",56544,"Ryan Miller","WR"
"1271",54798,"Tyler Goodson","RB"
"1272",46098,"Taven Bryan","DT"
"1273",47796,"Christian Wilkins","DT"
"1274",44964,"Desmond King","CB"
"1275",53496,"Davis Mills","QB"
"1276",33099,"Joe Flacco","QB"
"1277",52496,"Jordan Elliott","DT"
"1278",54750,"Keir Thomas","OLB"
"1279",42345,"Marcus Mariota","QB"
"1280",56223,"Henry Pearson","TE"
"1281",52733,"James Robinson","RB"
"1282",56050,"Parker Washington","WR"
"1283",56111,"D.J. Ivey","CB"
"1284",43420,"Blake Martinez","ILB"
"1285",56026,"Nick Hampton","OLB"
"1286",41393,"AJ McCarron","QB"
"1287",53879,"Josh Pederson","TE"
"1288",44871,"Tanoh Kpassagnon","DE"
"1289",53715,"Kenny Yeboah","TE"
"1290",53563,"Janarius Robinson","DE"
"1291",45198,"Nick Mullens","QB"
"1292",55999,"Jay Ward","SS"
"1293",56531,"NaJee Thompson","CB"
"1294",52422,"Javon Kinlaw","DT"
"1295",52792,"Tershawn Wharton","DT"
"1296",47949,"Easton Stick","QB"
"1297",55970,"Kelee Ringo","CB"
"1298",55217,"Benton Whitley","OLB"
"1299",56035,"Chris Smith II","FS"
"1300",53548,"Kene Nwangwu","RB"
"1301",43392,"Sheldon Day","DT"
"1302",46145,"Mason Rudolph","QB"
"1303",53458,"Eric Stokes","CB"
"1304",44815,"Solomon Thomas","DT"
"1305",56374,"Ethan Bonner","CB"
"1306",38937,"Case Keenum","QB"
"1307",48051,"Steven Sims","WR"
"1308",56568,"Anthony Kendall","CB"
"1309",56020,"Darrell Luter Jr.","CB"
"1310",40031,"Logan Ryan","FS"
"1311",43445,"Jonathan Williams","RB"
"1312",43380,"Jacoby Brissett","QB"
"1313",55963,"Siaki Ika","DT"
"1314",54648,"Kevin Harris","RB"
"1315",42390,"Eric Rowe","SS"
"1316",44855,"Sidney Jones","CB"
"1317",43325,"Myles Jack","ILB"
"1318",44816,"Leonard Fournette","RB"
"1319",54979,"Ethan Fernea","WR"
"1320",48103,"D'Angelo Ross","CB"
"1321",56407,"Tanner McCalister","FS"
"1322",53910,"Sam Kamara","OLB"
"1323",56401,"Mohamoud Diabate","OLB"
"1324",56532,"Jaylin Williams","CB"
"1325",54582,"Micheal Clemons","DE"
"1326",56573,"Otis Reese","ILB"
"1327",53068,"Mason Kinsey","WR"
"1328",53599,"Garret Wallow","ILB"
"1329",43338,"Jarran Reed","NT"
"1330",55110,"Qwuantrezz Knight","CB"
"1331",55055,"Tyreek Maddox-Williams","LB"
"1332",55094,"Cole Fotheringham","TE"
"1333",43413,"Deon Bush","SS"
"1334",46729,"Brandon Facyson","CB"
"1335",47889,"Maxx Crosby","DE"
"1336",56244,"Ben VanSumeren","FB"
"1337",55032,"Tomon Fox","OLB"
"1338",41251,"Jason Verrett","CB"
"1339",38548,"Melvin Ingram","OLB"
"1340",46487,"Poona Ford","NT"
"1341",52573,"Collin Johnson","WR"
"1342",46407,"Chris Lammons","CB"
"1343",53957,"A.J. Parker","CB"
"1344",47800,"Dexter Lawrence","NT"
"1345",56207,"Travis Vokolek","TE"
"1346",54686,"Tariq Castro-Fields","CB"
"1347",54705,"Christian Holmes","CB"
"1348",56561,"Nick Whiteside","CB"
"1349",39908,"Erik Harris","FS"
"1350",47916,"Jarrett Stidham","QB"
"1351",53244,"Michael Bandy","WR"
"1352",46265,"Tremon Smith","CB"
"1353",41595,"Mike Pennel","NT"
"1354",52528,"La'Mical Perine","RB"
"1355",54138,"Lucky Jackson","WR"
"1356",54497,"Lewis Cine","FS"
"1357",56014,"Sean Clifford","QB"
"1358",43757,"Andrew Adams","SS"
"1359",56368,"Jordan Mims","RB"
"1360",54626,"D'Marco Jackson","OLB"
"1361",46318,"Logan Woodside","QB"
"1362",54678,"John FitzPatrick","TE"
"1363",43496,"Jeff Driskel","QB"
"1364",55124,"Vincent Gray","CB"
"1365",55991,"Isaiah McGuire","DE"
"1366",52797,"Joe Bachie","OLB"
"1367",45721,"Dan Skipper","T"
"1368",54692,"Nick Muse","TE"
"1369",55918,"Gervon Dexter Sr.","DT"
"1370",46680,"Sean Chandler","SS"
"1371",47924,"Zach Gentry","TE"
"1372",56265,"Cam Jones","OLB"
"1373",56115,"Nic Jones","CB"
"1374",55060,"Ty Shelby","DE"
"1375",56668,"Ekow Boye-Doe","CB"
"1376",55109,"Tayler Hawkins","SS"
"1377",43291,"Carson Wentz","QB"
"1378",56112,"Brayden Willis","TE"
"1379",52569,"Tyler Johnson","WR"
"1380",55047,"Tristin McCollum","SS"
"1381",43335,"A'Shawn Robinson","DE"
"1382",56243,"Brady Russell","TE"
"1383",52761,"Blake Gillikin","P"
"1384",31446,"Matt Prater","K"
